0.16666666666666666,van formar part de la companyia agafes lírics dirigida per antonio mitjà,van formar part de la companyia a gafes lírics dirigida per antonio mitjà
0.0,entre aquestes plantes s'inclouen una varietat d'herbes natives i introduïdes herbàcies i petits arbustos,entre aquestes plantes s'inclouen una varietat d'herbes natives i introduïdes herbàcies i petits arbustos
0.21428571428571427,no s'ha trobat la propietat local per a l'equip obligant als rockers de vegades,no s'ha trobat la propietat local per l'equip obligant els roquers de vegades
0.0,tenen tres pisos d'alçada la major part d'ells amb coberta a dues aigües o plana,tenen tres pisos d'alçada la major part d'ells amb coberta a dues aigües o plana
0.0,actualment segueix la seva carrera en solitari,actualment segueix la seva carrera en solitari
0.0,prové de la lletra gamma de l'alfabet grec,prové de la lletra gamma de l'alfabet grec
0.14285714285714285,el fons personal de ramon d'alòs-moner es conserva a l'arxiu de l'institut d'estudis catalans,el fons personal de ramon elós moner es conserva a l'arxiu de l'institut d'estudis catalans
0.09090909090909091,les dades es distribueixen de forma entrellaçada en diverses unitats simultàniament,les dades es distribueixen de forma entrellaçada amb diverses unitats simultàniament
0.06666666666666667,la definició estàndard de calibre d'un cartutx suposa que s'utilitza una bola de plom pur,la definició estàndard de calivade d'un cartutx suposa que s'utilitza una bola de plom pur
0.0,aquest subgrup és part del grup local,aquest subgrup és part del grup local
0.0,els elements més remarcables són un portal adovellat i un petit pou,els elements més remarcables són un portal adovellat i un petit pou
0.0,al final de la coreografia es canvia de parella,al final de la coreografia es canvia de parella
0.06666666666666667,la còpula sovint té lloc mentre estan suspesos de mans i peus a branques horitzontals,la còpula sovint té lloc mentre estan suspesos de mants i peus a branques horitzontals
0.0,la seva eliminació va ser el resultat d'un procés que va començar amb el poble,la seva eliminació va ser el resultat d'un procés que va començar amb el poble
0.0,a partir d'aquí el recorregut es fa més exigent,a partir d'aquí el recorregut es fa més exigent
0.0,va fer vida militar despreocupada i disbauxada,va fer vida militar despreocupada i disbauxada
0.0,la tortura és utilitzada en els centres d'investigació dels àrabs,la tortura és utilitzada en els centres d'investigació dels àrabs
0.0,els cinc millors de la semifinal passaven a la final,els cinc millors de la semifinal passaven a la final
0.4166666666666667,aquesta va ser la seva única intervenció en les guerres civils britàniques,aqueste va ferle ero única intervenció en les guerres civils dlipàliques
0.0,és a dir quan la seva altura és zero passant de negativa a positiva,és a dir quan la seva altura és zero passant de negativa a positiva
0.08333333333333333,és a ponent i una mica al nord del coll del baladre,és a ponent i una mica al nord del coll dal baladre
0.0,la casa reig és de planta quadrada i ben proporcionada,la casa reig és de planta quadrada i ben proporcionada
0.0,va ser el primer monarca a utilitzar el palau com a residència permanent,va ser el primer monarca a utilitzar el palau com a residència permanent
0.0,l'alcohol aleshores es destil·la i es treu mitjançant mètodes tradicionals,l'alcohol aleshores es destil·la i es treu mitjançant mètodes tradicionals
0.0,l'ambigüitat de la clàusula ha donat lloc a diferents interpretacions,l'ambigüitat de la clàusula ha donat lloc a diferents interpretacions
0.0,les palmes fan referència als patrons del poble,les palmes fan referència als patrons del poble
0.0,també va vendre moltes de les seves pintures per a la guerra,també va vendre moltes de les seves pintures per a la guerra
0.0,les noves defenses no impedeixen que els portuguesos prenguessin la vila,les noves defenses no impedeixen que els portuguesos prenguessin la vila
0.1,s'ha convertit en un clàssic de la música del cinema,ha convertit en un clàssic de la música del cinema
0.0,tota la façana presenta esgrafiats de motius geomètrics,tota la façana presenta esgrafiats de motius geomètrics
0.0,s'explotaven les pedreres,s'explotaven les pedreres
0.0,com a resultat d'això torre va ser destituït,com a resultat d'això torre va ser destituït
0.0,hi havia també i encara existeixen màquines d'escriure basades en el mateix principi,hi havia també i encara existeixen màquines d'escriure basades en el mateix principi
0.1,aquest canvi de llibreter va coincidir amb un canvi d'ubicació,aquest canvi de llibreter va coincidir amb un canvi d'ubligació
0.0,joan oró va néixer a la bordeta,joan oró va néixer a la bordeta
0.5,maimònides l'utilitza en la confecció dels seus llibres de medicines,maimòniades la utilitza en la confecció dels seus lliubres de medecines
0.07142857142857142,passa l'hivern en hibernació i també estiven en els períodes més calorosos de l'estiu,passa l'hivern en hibernació i també estiben en els períodes més calorosos de l'estiu
0.0,al pis una obertura es troba transformada en balcó i les laterals tenen ampit,al pis una obertura es troba transformada en balcó i les laterals tenen ampit
TOTAL,0.058111,0.016420,,