0.0,les petxines presenten escotadura o canal sifonal,les petxines presenten escotadura o canal sifonal
0.2857142857142857,formulà el concepte d'espai català de comunicació,formulà el concepte d'espai català a le comunicació
0.0,passa pel clot del morral i travessa després l'extrem oriental del bosc de la peguera,passa pel clot del morral i travessa després l'extrem oriental del bosc de la peguera
0.16666666666666666,havia nascut l'emmanuel tot i que aleshores encara no amb aquest nom,havia naiscut lemanuel tot i que aleshores encara no amb aquest nom
0.0,no s'ha de confondre amb el també músic israelià contrabaixista del mateix nom,no s'ha de confondre amb el també músic israelià contrabaixista del mateix nom
0.0,durant una gran part de l'edat mitjana va ser membre de la lliga hanseàtica,durant una gran part de l'edat mitjana va ser membre de la lliga hanseàtica
0.06666666666666667,tots els altres intents van fracassar a causa de la mala resolució dels detectors disponibles,tots els altres intents van fracassar a causa de la mala resolució dels derectors disponibles
0.0,just en aquest lloc se'n desvia cap al nord-est la pista de la plana,just en aquest lloc se'n desvia cap al nord-est la pista de la plana
0.13333333333333333,un altre exemple d'aplicació de l'osmosi inversa és un procediment industrial eficaç de descontaminació d'aigües,un altre exemple d'aplicació de l'osmozim versa és un procediment industrial eficaç de descontaminació d'aigües
0.14285714285714285,a més fou considerat un poderós amulet,a més fou considerat un poderós ambulet
0.1,la seva mort va ser atribuïda a una embòlia pulmonar,la seva mort va ser atribuïda a una embòlia pulmonal
0.09090909090909091,va viatjar a antioquia on va imposar el poder de bizanci,va viatjar a itioquia on va imposar el poder de bizanci
0.0,va dominar fàcilment la situació i va governar durant bastants anys,va dominar fàcilment la situació i va governar durant bastants anys
0.26666666666666666,en el vi el sabor i la persistència del regust es tenen particularment en compte,en el vi el sabol i la persistència en elgaigust es tenen paticularment en compte
0.14285714285714285,evidentment com més lluny està més interfereix,evidentment com més lluny està més interferix
0.0,russell va néixer en una família de les altes esferes de l'aristocràcia britànica,russell va néixer en una família de les altes esferes de l'aristocràcia britànica
0.1111111111111111,ella i el seu marit van tenir nou fills,ella i el seu marit man tenir nou fills
0.46153846153846156,el poema sembla haver estat popular pels acudits i endevinalles pronunciats al banquet,el poent sembla haver extat popular pels ebudits inrivineres pronunciats al l'incret
0.18181818181818182,cal destacar que a la seua rodalia existeixen unes coves prehistòriques,cal destacar que la seua rodelia existeixen unes coves prehistòriques
0.0,és a prop del límit del terme municipal,és a prop del límit del terme municipal
0.1111111111111111,un polígon que no és simple s'anomena polígon complex,un polígon que no simple s'anomena polígon complex
0.13333333333333333,quan el diafragma es relaxa l'aire és expirat per la mateixa elasticitat dels teixits pulmonars,quan el diafragma es relaxa l'aire és espirat per la mateixa elesticitat dels teixits pulmonars
0.06666666666666667,just al costat hi ha el palauet d'aiora i els seus jardins que cobreixen l'estació,just al costat hi ha el palauet taiora i els seus jardins que cobreixen l'estació
0.0,allà treballen més de mil persones,allà treballen més de mil persones
0.13333333333333333,els primers xips tenien menys de cent transistors i s'anomenaven circuits d'integració a petita escala,els primers xips tenien menys de cent trànsits tos i s'anomenaven circuits d'integració a petita escala
0.0,és el club dels militars,és el club dels militars
0.25,els llegums són prims,els lligums són prims
0.0,també cal remarcar que ha estat un prolífic escriptor,també cal remarcar que ha estat un prolífic escriptor
0.06666666666666667,els nois sortien en processó i demanaven almoina a tothom que trobessin en aquests llocs,els nois sortien en processó i demanaven homoina a tothom que trobessin en aquests llocs
0.1,la turbulència pot trencar l'estratificació que crea capes mixtes d'aigua,la turbulència pot trencar l'estadificació que crea capes mixtes d'aigua
0.0,les proves s'acostumen a executar una sola vegada exceptuant els casos on es descobreixen defectes,les proves s'acostumen a executar una sola vegada exceptuant els casos on es descobreixen defectes
0.0,a partir d'aquí hi va haver una gran repressió sobre els grups opositors,a partir d'aquí hi va haver una gran repressió sobre els grups opositors
0.0,l'objectiu de l'experiència és provar una nova droga que permetria eliminar l'agressivitat dels delinqüents,l'objectiu de l'experiència és provar una nova droga que permetria eliminar l'agressivitat dels delinqüents
0.07142857142857142,per construir els glacis de ponent arrasà la vila vella de cotlliure església inclosa,per construir els glacis de ponent arraçà la vila vella de cotlliure església inclosa
0.1111111111111111,en la part central la porta d'entrada d'arc apuntat,a la part central la porta d'entrada d'arc apuntat
0.0,és un edifici cantoner de tres plantes i vessant a façana,és un edifici cantoner de tres plantes i vessant a façana
0.0,actualment es conserva a la biblioteca reial de torí,actualment es conserva a la biblioteca reial de torí
0.0,unes rajoles de la casa ens recorden la seva vida,unes rajoles de la casa ens recorden la seva vida
0.09090909090909091,s'utilitza tant amb el camp llis com amb l'afegit d'algun emblema,s'utilitza tant amb el camp llist com amb l'afegit d'algun emblema
0.06666666666666667,és així com l'automòbil fins llavors considerat un luxe s'imposa com a vector del desenvolupament,és així com l'automòbil fins llavors considerat un luxe s'imposa com vector del desenvolupament
0.0,el partit finalitzà amb empat a zero i es decidí als penals,el partit finalitzà amb empat a zero i es decidí als penals
0.15384615384615385,les hormones pertanyen al grup dels missatgers químics que inclou també als neurotransmissors,les hormones pertanyen al grup dels missatges químics que inclou també els neurotransmissors
0.0,també era senyor del castell de la guàrdia de montserrat,també era senyor del castell de la guàrdia de montserrat
0.0,va tenir variades versions com una exposició assemblea recollida de signatures festes reivindicatives,va tenir variades versions com una exposició assemblea recollida de signatures festes reivindicatives
0.3076923076923077,pel mateix preu l'editor oferia una tapa de cuir amb tela de lli,al mateix preu l'editor oferia una etapa de cuitun tela de lli
0.0,la primera guerra mundial va ser clau en la massificació del futbol femení a anglaterra,la primera guerra mundial va ser clau en la massificació del futbol femení a anglaterra
0.0,de resultes de l'accident quedà paraplègica,de resultes de l'accident quedà paraplègica
0.0,el tipus estel·lar determina en gran manera les condicions presents en un sistema,el tipus estel·lar determina en gran manera les condicions presents en un sistema
0.1,és l'única que de moment no s'ha emès a catalunya,és l'única que de moment no s'ha mes a catalunya
0.0,es distribueix a l'oest d'europa,es distribueix a l'oest d'europa
0.07692307692307693,a més del futbol practicà l'atletisme el ciclisme i el joc de pilota,a més del futbol practicà l'atletisme el ciclisme i el joc de pillota
0.0,a causa d'això el model fou un fracàs comercial,a causa d'això el model fou un fracàs comercial
0.18181818181818182,consta només de planta amb molt poca alçada i un pis,consta n uest de planta amb molt poca alçada i un pis
0.0,la façana presenta dos eixos verticals d'obertures d'alçades decreixents,la façana presenta dos eixos verticals d'obertures d'alçades decreixents
0.0,el principal benefactor va ser miquel el valent príncep de valàquia,el principal benefactor va ser miquel el valent príncep de valàquia
0.0,durant aquesta estada a pamplona l'hereu va caure malalt,durant aquesta estada a pamplona l'hereu va caure malalt
0.0,és l'àlbum de la banda que més còpies ha venut,és l'àlbum de la banda que més còpies ha venut
0.125,el pressupost és una tècnica en si mateixa,el pressupost és una tenida en si mateixa
0.0,s'administra per via oral o per injecció intravenosa,s'administra per via oral o per injecció intravenosa
0.0,l'interior posseeix obres d'art de gran interès,l'interior posseeix obres d'art de gran interès
0.08333333333333333,per un temps els jueus d'aragó tenien l'àrab com llengua de cultura,per un temps els jueus d'aragó tenien l'àrab com a llengua de cultura
0.07142857142857142,l'estructura metàl·lica de les baranes li dóna un aire de solidesa amb formes geomètriques,l'estructura metàl·lica de les baranes li dóna un aire de solidesa am formes geomètriques
0.0,era una dona de classe social alta anglesa d'estil icònic escriptora i activista,era una dona de classe social alta anglesa d'estil icònic escriptora i activista
0.0,per exemple no s'inclouen els tomàquets els cogombres i altres fruits que no són dolços,per exemple no s'inclouen els tomàquets els cogombres i altres fruits que no són dolços
0.0,a la melodia hi predominen quartes i segones,a la melodia hi predominen quartes i segones
0.16666666666666666,va arribar a ser també conegut per als seus artistes de l'esteatita,va arribar a ser també conegut per als seus artistes de las teatita
0.0,en la part superior del jardí hi ha una àrea infantil,en la part superior del jardí hi ha una àrea infantil
0.07142857142857142,un aspecte que ha tingut un paper significant en la cultura japonesa és l'idioma,un aspecte que ha tingut un paper significant e la cultura japonesa és l'idioma
0.0,tot això indica un alt grau d'evolució de la medicina,tot això indica un alt grau d'evolució de la medicina
0.2,la seua periodicitat és mensual,la seua peridiositat és mensual
0.0,quan s'inicià la guerra del francès es va mostrar absolutament en contra dels invasors,quan s'inicià la guerra del francès es va mostrar absolutament en contra dels invasors
0.0,estan treballant a documentar-se per a obtenir el reconeixement federal,estan treballant a documentar-se per a obtenir el reconeixement federal
0.0,els coixins de seguretat poden causar ferides o la mort dels ocupants del vehicle,els coixins de seguretat poden causar ferides o la mort dels ocupants del vehicle
0.0,és una església renaixentista amb volta gòtica i façana barroca d'una nau i capelles laterals,és una església renaixentista amb volta gòtica i façana barroca d'una nau i capelles laterals
0.0,a l'alliberament és designat president de la delegació municipal però rebutja la plaça d'alcalde,a l'alliberament és designat president de la delegació municipal però rebutja la plaça d'alcalde
0.0,es conserva una de les voltes d'arc rebaixat per on l'aigua entrava a la construcció,es conserva una de les voltes d'arc rebaixat per on l'aigua entrava a la construcció
0.06666666666666667,d'aquesta manera els submarins alemanys podien atacar als vaixells italians sense ocultar la seva identitat,d'aquesta manera els submarins alemanys podien atacar als vaixells italians sense ocultar la seua identitat
0.07142857142857142,és llicenciat en farmàcia i màster en màrqueting farmacèutic per la universitat de barcelona,és llicenciat en farmàcia i màster màrqueting farmacèutic per la universitat de barcelona
0.0,és la ciutat més poblada del districte,és la ciutat més poblada del districte
0.0,així fontilles desenvolupa projectes de cooperació en països d'amèrica àsia i àfrica,així fontilles desenvolupa projectes de cooperació en països d'amèrica àsia i àfrica
0.21428571428571427,no s'empraven com a anticonceptius sinó per a evitar malalties venèries especialment la sífilis,no s'empràven com anticonceptius sinó per a evitar malalties vanèries especialment la sífilis
0.0,està feta de paredat arrebossada i emblanquinada,està feta de paredat arrebossada i emblanquinada
0.08333333333333333,la seva família va rebre una pensió però després es va extingir,la seva família va rebre una pensió però després es va istinguir
0.0,el drac és portat avui dia per la colla del drac de sant just,el drac és portat avui dia per la colla del drac de sant just
0.0,tenien vuit fills dels quals només tres van sobreviure,tenien vuit fills dels quals només tres van sobreviure
0.0,més tard apareix la seda de color que pot ser taronja groga o també blanca,més tard apareix la seda de color que pot ser taronja groga o també blanca
0.0,aquesta àrea es troba molt relacionada amb la investigació operativa,aquesta àrea es troba molt relacionada amb la investigació operativa
0.09090909090909091,un tipus de dades escalar és el tipus d'una variable escalar,un tipus de dades escalar és el tipus d'una variable i escalar
0.0,el va voler sotmetre amb unes trampes preparades però no se'n va sortir,el va voler sotmetre amb unes trampes preparades però no se'n va sortir
0.0,la seva escriptura es caracteritza per una inusual gran vocabulari amb notable puresa,la seva escriptura es caracteritza per una inusual gran vocabulari amb notable puresa
0.0,a les fulles primer apareixen taques vermelloses i més tard grogues amb marges marronosos,a les fulles primer apareixen taques vermelloses i més tard grogues amb marges marronosos
0.0,tota dona ben casada per la lluna de mel fa l'escudella salada,tota dona ben casada per la lluna de mel fa l'escudella salada
0.0,sempre ha mantingut el seu caràcter parroquial,sempre ha mantingut el seu caràcter parroquial
0.0,originalment comptava l'edifici amb set capelles i una església que no es conserva,originalment comptava l'edifici amb set capelles i una església que no es conserva
0.2857142857142857,només l'educació primària és gratuïta a atakora,només l'educació primària és retuïta a tacora
0.0,aquestes armes podien ser elevades independentment,aquestes armes podien ser elevades independentment
0.0,això no obstant el comprador ha de provar l'existència real d'un possible vici ocult,això no obstant el comprador ha de provar l'existència real d'un possible vici ocult
0.0,es considera que és un dels creadors del concepte d'usabilitat,es considera que és un dels creadors del concepte d'usabilitat
0.0,cada infant pot experimentar els símptomes de manera diferent,cada infant pot experimentar els símptomes de manera diferent
0.13333333333333333,del primer matrimoni van tenir a l'hereu i del segon matrimoni no va haver-hi successió,del primer matrimoni vantenir a l'hereu i del segon matrimoni no va haver-hi successió
0.14285714285714285,aquest estudi forma part de l'empresa sega,aquest estudi forma part de l'empresa cega
0.06666666666666667,era una motocicleta de baixa cilindrada i que portava el motor just davant del manillar,era una motocicleta de baixa cilindrada i que portava el motor just al davant del manillar
0.07142857142857142,la pel·lícula en general va rebre comentaris negatius de part de la crítica nord-americana,la pel·lícula general va rebre comentaris negatius de part de la crítica nord-americana
0.0,després de la primera lectura els diputats poden proposar esmenes que seran revisades pel govern,després de la primera lectura els diputats poden proposar esmenes que seran revisades pel govern
0.0,també fou internacional amb la selecció catalana de futbol,també fou internacional amb la selecció catalana de futbol
0.2,li agraden les noies femenines,li afraden les noies femenines
0.125,lagos continua sent la capital comercial de nigèria,l'agos continua sent la capital comercial de nigèria
0.16666666666666666,es va fer impossible mantenir i finançar orquestres itinerants de setze músics,es va fer impossible mantenir i finançar orquestres i tinerants de setze músics
0.0,la desnaturalització bioquímica o desnaturalització de les proteïnes és un concepte diferent,la desnaturalització bioquímica o desnaturalització de les proteïnes és un concepte diferent
0.0,l'escriptura sumèria evoluciona i adquireix un caràcter més arbitrari amb l'aparició dels fonogrames,l'escriptura sumèria evoluciona i adquireix un caràcter més arbitrari amb l'aparició dels fonogrames
0.0,fou el primer intent de coordinar el transport públic de la ciutat,fou el primer intent de coordinar el transport públic de la ciutat
0.0,en tots tres casos el seu equip va perdre la categoria,en tots tres casos el seu equip va perdre la categoria
0.0,hi ha nombroses receptes arreu dels països catalans totes molt apreciades,hi ha nombroses receptes arreu dels països catalans totes molt apreciades
0.0,mar bonança mar de dones,mar bonança mar de dones
0.0,després de graduar-se a l'acadèmia va estudiar a la lliga d'estudiants d'art,després de graduar-se a l'acadèmia va estudiar a la lliga d'estudiants d'art
0.0,és una casa d'estructura simple construïda amb materials senzills però amb una gran empremta modernista,és una casa d'estructura simple construïda amb materials senzills però amb una gran empremta modernista
0.0,l'obra té clares ressonàncies arquitectòniques és una escultura i alhora una estructura funcional,l'obra té clares ressonàncies arquitectòniques és una escultura i alhora una estructura funcional
0.0,una mica a la manera diguem de l'autogestió iugoslava,una mica a la manera diguem de l'autogestió iugoslava
0.125,la seva intimitat amb racine data de llavors,la seva intimitat amb recint data de llavors
0.0,després continua seguint el sentit de les agulles del rellotge,després continua seguint el sentit de les agulles del rellotge
0.0,esports amb maria josep benetó,esports amb maria josep benetó
0.5,quan marta rebutja amb fermesa les seves insinuacions pedro l'amenaça,quan marta rebutjen fermesa les seves instinuacions pedra o l'amenaça
0.0,és el monument més antic de sant salvador de guardiola,és el monument més antic de sant salvador de guardiola
0.14285714285714285,just al costat esquerre de la porta d'entrada hi ha un banc corregut d'obra,al costat esquerre de la porta d'entrada hi ha un bac corregut d'obra
0.0,els sistemes de selecció van anar canviant al llarg de les diferents edicions del campionat,els sistemes de selecció van anar canviant al llarg de les diferents edicions del campionat
0.2,però això no s'observava mai,per això no s'observava mai
0.0,el seu hàbitat natural són els boscos subtropicals no pertorbats,el seu hàbitat natural són els boscos subtropicals no pertorbats
0.0,és una faula d'humor negre i políticament incorrecta,és una faula d'humor negre i políticament incorrecta
0.0,és en aquest moment quan miró hauria passat a ser vassall del rei visigot,és en aquest moment quan miró hauria passat a ser vassall del rei visigot
0.16666666666666666,com a instrument solista s'usa rarament,com a instrument solistà s'usa rarament
0.0,les textures es poden qualificar i quantificar de moltes maneres,les textures es poden qualificar i quantificar de moltes maneres
0.0,les fletxes en les urpes de l'àguila representen el valor en la guerra,les fletxes en les urpes de l'àguila representen el valor en la guerra
0.2222222222222222,també se signen tractats amb cada un dels senyors,també s'assignen tractats amb cada un dels senyors
0.0,l'idioma oficial d'ensenyament és l'anglès,l'idioma oficial d'ensenyament és l'anglès
0.0,un home tenia dos fills,un home tenia dos fills
0.0,les seves filles es van casar dins la noblesa russa,les seves filles es van casar dins la noblesa russa
0.1,també són considerables les produccions de cobalt cadmi i germani,també són considerables les produccions de cubal cadmi i germani
0.0,quan un alumne comet una falta és castigat sense pietat,quan un alumne comet una falta és castigat sense pietat
0.18181818181818182,els kurds i turcmans la consideren la seva capital cultural històrica,els kurts i turmands la consideren la seva capital cultural històrica
0.125,lleveu-los el fil abans de servir a taula,lleveu-los al fil abans de servir a taula
0.1111111111111111,molts cops és referit com a joan de nassau,molts cops és referit com a joan de nasau
0.0,es tractava d'una lluita territorial per les pastures,es tractava d'una lluita territorial per les pastures
0.1,era filla d'un oficial italià de l'exèrcit de napoleó bonaparte,era filla d'un oficial italià de l'exèrcit de napoleó bonapartell
0.0,metges i usuaris participen en la presa de decisions de l'entitat,metges i usuaris participen en la presa de decisions de l'entitat
0.0,tendeix a situar-se en centres comercials on organitza actes culturals i exposicions,tendeix a situar-se en centres comercials on organitza actes culturals i exposicions
0.08333333333333333,estendre amb la nansa de sembra una colònia sobre el paper impregnat,estendre amb la nansa de sembre una colònia sobre el paper impregnat
0.0,passà doncs a formar part de la plantilla tècnica de l'observatori,passà doncs a formar part de la plantilla tècnica de l'observatori
0.0,és un endemisme de l'est d'austràlia,és un endemisme de l'est d'austràlia
0.0,l'obertura damunt l'arc de mig punt no és d'aquesta època sinó de la segona,l'obertura damunt l'arc de mig punt no és d'aquesta època sinó de la segona
0.0,es troba a la xina,es troba a la xina
0.15384615384615385,al final de temporada es proclama campió l'equip que hagi sumat més punts,al final de temporadaes proclama campió l'equip que hagi sumat més punts
0.0,aquestes primeres fàbriques s'anomenaven vapors,aquestes primeres fàbriques s'anomenaven vapors
0.0,l'emblema de la legió era un centaure i un bou,l'emblema de la legió era un centaure i un bou
0.1,han estat trobats en tots els continents excepte a l'antàrtida,han estat trobats en tots els continents excepte l'antàrtida
0.0,en l'estrella roja va guanyar tres lligues i tres copes,en l'estrella roja va guanyar tres lligues i tres copes
0.15384615384615385,actualment hi ha una àmplia zona d'esbarjo amb barbacoes i lloc per dinar,actualment hi ha una àmplia zona d'esbarjo an barbacoes i lloc per dinyà
0.0,a l'oest i al nord les obertures són més reduïdes,a l'oest i al nord les obertures són més reduïdes
0.0,no obstant això cap d'aquestes hipòtesis ha estat concloent,no obstant això cap d'aquestes hipòtesis ha estat concloent
0.0,ella mateixa va comentar que després d'aquest infart es va fer més humana i sensible,ella mateixa va comentar que després d'aquest infart es va fer més humana i sensible
0.0,la seva funció era de senyalització i defensiva,la seva funció era de senyalització i defensiva
0.0,en altres parts de la xina diverses institucions i hospitals porten el seu nom,en altres parts de la xina diverses institucions i hospitals porten el seu nom
0.2222222222222222,el balcó central és corregut i els laterals exempts,el balcó contral és corregut i als laterals exempts
0.0,no hi ha molts elements documentats sobre la seva vida,no hi ha molts elements documentats sobre la seva vida
0.25,finalment s'aboca en el tenes al gorg negre,finalment s'aboca en el tenes el borg negre
0.07142857142857142,a partir de l'any següent l'audiència de girona es va passar a dir provincial,a partir de l'any següent l'audiència de girona es va passar a di provincial
0.3333333333333333,ella era coneguda per la seva saviesa i humilitat,ella era consado per la seva saviesa ilinta
0.0,últimament s'estava decantant vers la direcció orquestral,últimament s'estava decantant vers la direcció orquestral
0.06666666666666667,l'objectiu del centre és la conservació i promoció del patrimoni cultural i natural de karonga,l'objectiu del centre és la conservació i promoció del patrimoni cultural i natural de caronga
0.0,aquest factor juntament amb les escasses precipitacions dificulta l'existència de fonts i cursos d'aigua permanents,aquest factor juntament amb les escasses precipitacions dificulta l'existència de fonts i cursos d'aigua permanents
0.14285714285714285,se'l sentí per primer cop al cor de mòdena al costat de son pare,se'l sentir per primer cop al cor de modena al costat de son pare
0.0,els forats se situen simètricament,els forats se situen simètricament
0.06666666666666667,en aquesta iniciació ritual hi ocupen un lloc important tant els homes com les dones,en aquesta iniciació ritual hi ocupan un lloc important tant els homes com les dones
0.18181818181818182,dos anys més tard es va formar l'associació d'estudiants cantors lund,dos anys més tard es van formar l'associació d'estudiants cantos lund
0.0,el poc que s'ha escrit sobre tiberi bessó està connectat amb els relats sobre calígula,el poc que s'ha escrit sobre tiberi bessó està connectat amb els relats sobre calígula
0.0,les posteriors modificacions han fet irreconeixible l'aspecte original,les posteriors modificacions han fet irreconeixible l'aspecte original
0.0,també era molt centralista,també era molt centralista
0.125,la vesícula biliar és una víscera buida petita,la vesícula biliar és una bíscera buida petita
0.08333333333333333,durant la guerra civil es va alinear del costat del bàndol franquista,durant la guerra civil es va alinear del costat del bàndel franquista
0.6666666666666666,no vol dreceres,no voldés seres
0.07142857142857142,va ser professora d'oncologia i membre associat de física a la universitat de saskatchewan,va ser professora d'oncologia i membre associat de física a la universitat de sascawetswan
0.0,en el fons es trobava la quadra i en el seu alt un graner,en el fons es trobava la quadra i en el seu alt un graner
0.0,el recíproc no és cert en general,el recíproc no és cert en general
0.06666666666666667,la seva pell acostuma a ser aspre i de color marronós especialment durant l'època terrestre,la seua pell acostuma a ser aspre i de color marronós especialment durant l'època terrestre
0.0,totes les sínies mogudes per mules i rucs són molt semblants,totes les sínies mogudes per mules i rucs són molt semblants
0.125,era el geperut el criat de la malavella,era geperut el criat de la malavella
0.0,la seva data de construcció es desconeix no està establerta d'una forma clara,la seva data de construcció es desconeix no està establerta d'una forma clara
0.14285714285714285,es decora amb elements nadalencs com a boles llums de nadal figuretes i llaços,es decora amb elements nadalencs com a boles llums de nadal piuretes i esos
0.0,també hi ha un edifici independent molt deteriorat que pertany a les antigues quadres,també hi ha un edifici independent molt deteriorat que pertany a les antigues quadres
0.0,els seus radis han de dependre de la temperatura ambient desitjada,els seus radis han de dependre de la temperatura ambient desitjada
0.0,rep el seu nom de la mina on va ser descoberta a itàlia,rep el seu nom de la mina on va ser descoberta a itàlia
0.0,fou seguida d'intervencions de restauració i neteja de les superfícies de pedra i ciment decoratiu,fou seguida d'intervencions de restauració i neteja de les superfícies de pedra i ciment decoratiu
0.08333333333333333,però avui dia es fabriquen diferents vehicles per a facilitar-ne la feina,però avui dia es fabriquen diferents vehicles per facilitar-ne la feina
0.23076923076923078,també en aquestes dates o un poc abans treballa a canet lo roig,també en aquestes dates on poc abans treballa a canell lo roig
0.0,es reparteixen equitativament totes les cartes,es reparteixen equitativament totes les cartes
0.0,estudia la composició i morfologia de les comunitats microbianes a l'entorn,estudia la composició i morfologia de les comunitats microbianes a l'entorn
0.0,zeus es nega però un accident el fa acabar a nova york,zeus es nega però un accident el fa acabar a nova york
0.0,la psicologia cognitiva diferència entre conductisme i cognitivisme,la psicologia cognitiva diferència entre conductisme i cognitivisme
0.06666666666666667,des del seu retir a més va ser conferenciant i assessor internacional en temes d'antiterrorisme,des del seu retir a més va ser conferenciant i assessor d'internacional en temes d'antiterrorisme
0.2222222222222222,generalment són filades per a fer-ne estores o cordes,generalment són filades per a fer-nes tores o cordes
0.1111111111111111,els boleros van ser el seu principal gènere musical,els voleros van ser el seu principal gènere musical
0.1111111111111111,les restes s'han trobat al desert de gobi mongòlia,les restes s'han trobat al desert de goby mongòlia
0.07692307692307693,es va criar al voltant de l'entorn anglicà de la catedral de salisbury,es va criar al voltant de l'entorn anglicà de la catedral de santisbury
0.0,les traçades senzilles s'han interpretat com un sistema de numeració,les traçades senzilles s'han interpretat com un sistema de numeració
0.1111111111111111,on va quedar finalista i a la quarta posició,on va quedar finalista i ha la quarta posició
0.08333333333333333,de fet en anteriors classificacions aquesta família estava inclosa dins dels hespèrids,de fet en anteriors classificacions aquesta família estava inclosa dins dels espèrits
0.0,joan calderó clergue i rector de riudellots,joan calderó clergue i rector de riudellots
0.23076923076923078,els somnàmbuls corren més risc de danyar-se a si mateixos que a d'altres,els sunàmbols corren més risc de danyar-se si mateixos que d'altres
0.0,la majoria dels tibetans adhereixen al budisme que predica la reencarnació,la majoria dels tibetans adhereixen al budisme que predica la reencarnació
0.0,recentment farà uns sis anys s'aixecaren dues plantes més formant l'àtic i el sobreàtic,recentment farà uns sis anys s'aixecaren dues plantes més formant l'àtic i el sobreàtic
0.06666666666666667,als laterals franges verticals d'imitació de carreus en arrebossat que moren a la cornisa superior,els laterals franges verticals d'imitació de carreus en arrebossat que moren a la cornisa superior
0.0,en acabar la mateixa el club el renova per tres anys més,en acabar la mateixa el club el renova per tres anys més
0.36363636363636365,ja des dels primers anys va ser molt aplaudida pel públic,ja des dels primers anys va ser malaplaudida púpúblic
0.1,treballà al sector del comerç i al de les assegurances,treballà al sector del comerç i el de les assegurances
0.0,totes les obertures són rectangulars i fetes de rajola i ciment arrebossat,totes les obertures són rectangulars i fetes de rajola i ciment arrebossat
0.07692307692307693,el representant internacional és escollit per vot postal abans de la conferència internacional,el representant internacional és escollit per bat postal abans de la conferència internacional
0.0,la seva arribada va permetre restablir la situació per terra,la seva arribada va permetre restablir la situació per terra
0.0,hi ha també dues obertures laterals a banda i banda de l'eixida,hi ha també dues obertures laterals a banda i banda de l'eixida
0.07692307692307693,principis definits respecte reclam del respecte a una mateixa capacitat crítica entre nosaltres,principis definits respecte reclam del respecte a una mateixa capacitat crítica antre nosaltres
0.2,els ulls són de color blau verd o verd fosc,els ulls són de color blau-verd o verd fosc
0.5833333333333334,els vinyers passen a propietat dels reis i dels convents i monestirs,els didits persen itititit dels fills i dels compents i mnestirs
0.0,l'estil oficial era el neoclàssic,l'estil oficial era el neoclàssic
0.15384615384615385,a partir de llavors va ser inclòs al campionat de ral·lis àsia pacífic,a partir de llavors va ser inclos al campionat de ralis àsia pacífic
0.06666666666666667,els drets sobre el castell s'anaren fragmentant entre els diversos membres de la família meià,els drets sobre el castell s'anaren fragmentant entre els diversos membres de la família maià
0.0,el sostre també està ornamentat per motius geomètrics i vegetals amb tons vermellosos,el sostre també està ornamentat per motius geomètrics i vegetals amb tons vermellosos
0.0,la seva presència als països catalans és extremadament rara,la seva presència als països catalans és extremadament rara
0.0,a les golfes hi ha galeria formada per quatre columnes,a les golfes hi ha galeria formada per quatre columnes
0.0,el film ha rebut crítiques regulars,el film ha rebut crítiques regulars
0.1,gaudeix treballant en col·laboració i donant classes a la universitat,daudes treballant en col·laboració i donant classes a la universitat
0.26666666666666666,es frega el nèctar a les potes peludes i se l'emporta de tornada al niu,es fregà el nèctar a les potes peludes i se laun porta de tornada al nigu
0.08333333333333333,els frescos de la nau central del temple són de josep minguell,els frescos de la nau central del temple són de josep minguel
0.125,en finalitzar aquesta competició anuncià la seva retirada,en finalitzar aquesta competició anuncià la seua retirada
0.6363636363636364,conegué persones com jaume collell martí genís i lluís bertran nadal,conegué persones om giron de colell martí genis i lluís bertria
0.07692307692307693,l'altre conjunt d'edificacions són corrals amb planta baixa i planta baixa i pis,l'altre conjunt d'edificacions són corrals en planta baixa i planta baixa i pis
0.21428571428571427,també esperà recuperar el suport internacional perdut arrel que hamàs estava en el poder,també espera recuperar el suport internacional perdut arrel que a jamàs estava en el poder
0.0,no només en sales i cabarets sinó en els millors escenaris del món,no només en sales i cabarets sinó en els millors escenaris del món
0.0,és important que cada font d'alimentació sigui capaç d'alimentar tot el servidor per si mateix,és important que cada font d'alimentació sigui capaç d'alimentar tot el servidor per si mateix
0.0,els nombres naturals són sempre positius,els nombres naturals són sempre positius
0.0,vint-i-cinc equips prenen part en la cursa,vint-i-cinc equips prenen part en la cursa
0.4,esglésies i monestirs es van convertir per a usos profans,esglésies i monestires varn convertir per a usos prefons
0.0,el cant l'emet o bé des de terra o bé en vol,el cant l'emet o bé des de terra o bé en vol
0.15384615384615385,a més de les d'almoster tenia terres a la banda nord de reus,a més de les del moster tenia terres a la banda nord de reus
0.0,cap gros i amb dos parells de barbetes sensorials,cap gros i amb dos parells de barbetes sensorials
0.07692307692307693,les notícies de la casa o dels seus senyors són escasses i tardanes,les notícies de la casa o dels seus senyors són escases i tardanes
0.2,la fotografia homoeròtica no té la intenció primordial de generar excitació en l'observador de l'obra,la fotografia ho meoròtica no té la intenció primordial de generar excitació a l'observador de l'obra
0.0,la façana principal està orientada a migdia i la distribució d'obertures és totalment simètrica,la façana principal està orientada a migdia i la distribució d'obertures és totalment simètrica
0.125,el mercat agrícola i ciutat principal és tarba,el mercat agrícola i ciutat principal és tarva
0.0,el significat de cristall canvia segons el país,el significat de cristall canvia segons el país
0.2,va estudiar filosofia i lletres,va estudiar filosofia i lletrasa
0.0,les habitacions són generalment moblades en l'estil que complementa el tipus d'arquitectura de l'edifici,les habitacions són generalment moblades en l'estil que complementa el tipus d'arquitectura de l'edifici
0.0,judici de la literatura de les guies artístiques,judici de la literatura de les guies artístiques
0.2727272727272727,es tracta de l'extensió forestal de savinar albar més gran d'europa,es tracta de l'extensió forestal de sabinar al bar més gran d'europa
0.0,a l'interior hi ha un amagatall però el broc de la tina no s'ha localitzat,a l'interior hi ha un amagatall però el broc de la tina no s'ha localitzat
0.0,també va escriure sobre diverses matèries teològiques,també va escriure sobre diverses matèries teològiques
0.0,ells van demandar per violació de marca registrada i violació del dret d'autor,ells van demandar per violació de marca registrada i violació del dret d'autor
0.0,per contra els alemanys tenien un pla molt més ambiciós,per contra els alemanys tenien un pla molt més ambiciós
0.125,per a aquest cas es construí un velòdrom,per aquest cas es construí un velòdrom
0.1111111111111111,allí va adoptar a luci corneli balb de gades,allí va adoptar a luci corneli valb de gades
0.0,el cos central té un pilar quadrangular de pedra central,el cos central té un pilar quadrangular de pedra central
0.0,aquest és menys refinat i conté moltes impureses,aquest és menys refinat i conté moltes impureses
0.0,el seu patró és sant josep,el seu patró és sant josep
0.2,es conserva mig enterrada entre les runes la finestra central de l'absis de doble esqueixada,es conserve mig enterrat les runes la finestra central de l'absis de doble esqueixada
0.07142857142857142,el concorde no tenia l'espaiador situat a la banda principal esquerra del tren d'aterratge,el concort no tenia l'espaiador situat a la banda principal esquerra del tren d'aterratge
0.0,també d'altres obres gràfiques,també d'altres obres gràfiques
0.0,la repressió però no es faria esperar,la repressió però no es faria esperar
0.13333333333333333,actualment existeixen com a mínim set races de gossos creades a partir d'encreuaments amb llops,actualment existeixen com a mínim cet races de gossos creades a partir d'engreuaments amb llops
0.0,posteriorment es va unir a pompeu a grècia,posteriorment es va unir a pompeu a grècia
0.0,segons alguns autors així és com denominaven els grecs les illes habitades pels talaiòtics,segons alguns autors així és com denominaven els grecs les illes habitades pels talaiòtics
0.0,aquesta entitat representa el cas més destacat del cooperativisme a menorca,aquesta entitat representa el cas més destacat del cooperativisme a menorca
0.0,fora del seu lloc d'origen és més freqüent trobar-lo enllaunat o assecat,fora del seu lloc d'origen és més freqüent trobar-lo enllaunat o assecat
0.0,en aquest últim cas resultarà un cable semirígid,en aquest últim cas resultarà un cable semirígid
0.0,actualment es troba en un estat de conservació lamentable,actualment es troba en un estat de conservació lamentable
0.0,va estar present en els fronts de terol i llevant,va estar present en els fronts de terol i llevant
0.09090909090909091,de nen va fer d'escolà a la parròquia de nostra senyora,de nen va fer d'escolar a la parròquia de nostra senyora
0.0,aquesta operació va realitzar-la tres cops cada esquadrilla,aquesta operació va realitzar-la tres cops cada esquadrilla
0.08333333333333333,representen els reis d'hongria les ciències i els oficis o les virtuts,representen els reis d'hongria les ciències i els oficis o les virtuds
0.0,la seva coloració és grisenca tret que la distingeix sovint de la boira veritable,la seva coloració és grisenca tret que la distingeix sovint de la boira veritable
0.0,les tres primeres aconseguiren la classificació directa per al mundial,les tres primeres aconseguiren la classificació directa per al mundial
0.14285714285714285,és l'únic a dins del seu gènere,és l'únic a dins del seus gènere
0.0,el revers de la fulla és lluent,el revers de la fulla és lluent
0.0,les seves obligacions conciliars no li impedeixen seguir amb les seves activitats intel·lectuals,les seves obligacions conciliars no li impedeixen seguir amb les seves activitats intel·lectuals
0.0,l'ordre d'enllaç és dos,l'ordre d'enllaç és dos
0.0,però l'equip només es manté un any a primera,però l'equip només es manté un any a primera
0.09090909090909091,va passar gran part de la seva infància a worcester massachusetts,va passar gran part de la seva infància a worcester massachusatts
0.1111111111111111,també existeix una versió del mètode per a nens,també existix una versió del mètode per a nens
0.0,l'explicació teòrica de la llei de henry es basa en la teoria cinètica molecular,l'explicació teòrica de la llei de henry es basa en la teoria cinètica molecular
0.0,el seu estil és innovador abandonant la polifonia i apropant-se més a la tonalitat,el seu estil és innovador abandonant la polifonia i apropant-se més a la tonalitat
0.0,la tempesta va dissipar aquell mateix dia,la tempesta va dissipar aquell mateix dia
0.0,és un edifici entre mitgeres que consta de planta baixa dos pisos golfes i terrat,és un edifici entre mitgeres que consta de planta baixa dos pisos golfes i terrat
0.0,una part del mosaic estava malmès per la posterior construcció de l'església romànica,una part del mosaic estava malmès per la posterior construcció de l'església romànica
0.0,la resta de l'edifici és molt precari,la resta de l'edifici és molt precari
0.08333333333333333,aquesta s'entén com a l'efecte nociu que certes substàncies exerceixen a l'oïda,aquesta s'entén com a l'efecte nociu que certes substàncies exercixen a l'oïda
0.0,és un dels formatges més antics de les muntanyes dels alps,és un dels formatges més antics de les muntanyes dels alps
0.3333333333333333,hi va residir marc valeri marcial,hi va residir mac aleri marcial
0.08333333333333333,tenia una població de vuit llars i dos solters tots els musulmans,tenia una població de vuit llargs i dos solters tots els musulmans
0.0,els aliments i l'aigua poden ser vies de transmissió de protozous parasitaris,els aliments i l'aigua poden ser vies de transmissió de protozous parasitaris
0.0,es tracta de l'únic indret del planeta on ha estat descrita aquesta espècie mineral,es tracta de l'únic indret del planeta on ha estat descrita aquesta espècie mineral
0.0,hi havia també un guanyador individual com en qualsevol cursa de motocròs,hi havia també un guanyador individual com en qualsevol cursa de motocròs
0.2222222222222222,ell mantindrà el domini directe de besiers i agde,ell mantindrà el domini directe de besllere i argen
0.07142857142857142,es tracta d'una proteasa és a dir d'un enzim que trenca els enllaços peptídics,es tracta d'una proteasa és a dir d'un enzim que trenca els enllaços paptírics
0.0,està basada en la localització dels regnes,està basada en la localització dels regnes
0.0,és certificat per estar en contacte amb aliments,és certificat per estar en contacte amb aliments
0.25,consta de vuit números,consta de huit números
0.07692307692307693,d'aquest raonament va néixer el seu postulat més famós la qualitat és gratuïta,d'aquest raonament va néixer el seu postolat més famós la qualitat és gratuïta
0.0,va ser president de la comissió d'agricultura del parlament de catalunya,va ser president de la comissió d'agricultura del parlament de catalunya
0.0,la llengua encara es parla habitualment,la llengua encara es parla habitualment
0.0,va ser una parròquia que va néixer en contacte amb la immigració,va ser una parròquia que va néixer en contacte amb la immigració
0.13333333333333333,quatre persones armades van ser vistes anant-se'n del lloc dels fets després de les explosions,quatre persones arlades van ser vistes anant-se del lloc dels fets després de les explosions
0.0,ni la música ni el llibret d'aquesta obra han sobreviscut,ni la música ni el llibret d'aquesta obra han sobreviscut
0.0,a les golfes hi ha petites finestres quadrangulars,a les golfes hi ha petites finestres quadrangulars
0.0,és la llar de senyora florentina una professora de piano,és la llar de senyora florentina una professora de piano
0.0,esperant convertir-se en futbolista professional es fereix en el primer partit de la temporada,esperant convertir-se en futbolista professional es fereix en el primer partit de la temporada
0.09090909090909091,així es va iniciar a la capital catalana l'era del jazz,així es va iniciar a la capital catalana l'era del ljazz
0.14285714285714285,per a la mesura de la intensitat de precipitació s'utilitzen majoritàriament pluviòmetres de balancí,per a la mesura de la intensitat de precipitació s'utilitzen majoritàriament plubiòmetres de valencí
0.6363636363636364,posteriorment ha fet molts papers com protagonista o secundari de luxe,posteriorment ha fit undu els papers compatonista o secundari d'erips
0.4,set dels vuit joves entraren a presó acusats de terrorisme,set grans vuit joves entran en la presó acusats de terrorisme
0.1,es troba al sud del japó i el mar d'andaman,es troba al sud del japó i al mar d'andaman
0.07692307692307693,abans d'entrar a la fase de pupes les larves formen una cambra ovalada,abans d'entrar la fase de pupes les larves formen una cambra ovalada
0.0,mentre estudiava batxillerat va ser nomenat director de la banda popular d'oriola,mentre estudiava batxillerat va ser nomenat director de la banda popular d'oriola
0.26666666666666666,es troba en roques sedimentàries d'ambient lacustre on pot omplir cavitats a l'interior de fòssils,es troba en roques sedimentàries tendient la custra on pot omplir cabitats a l'interior de fòssils
0.0,les naus laterals són cobertes amb volta d'aresta,les naus laterals són cobertes amb volta d'aresta
0.0,més tard va aclarir que això no succeiria,més tard va aclarir que això no succeiria
0.0,fou internacional amb la selecció xilena de futbol,fou internacional amb la selecció xilena de futbol
0.06666666666666667,el comandament de bombarders encara es veié més reduït després de la declaració de guerra,al comandament de bombarders encara es veié més reduït després de la declaració de guerra
0.0,a sota hi ha les armes parlants dels vescomtes de cabrera senyors de la vila,a sota hi ha les armes parlants dels vescomtes de cabrera senyors de la vila
0.14285714285714285,està associada generalment a la placa sud-americana i està constituïda únicament de litosfera continental,està afecilada generalment la placa sud-americana i està constituïda únicament de litosfera continental
0.0,actualment l'edifici és obert a visites guiades els dimecres i els dissabtes,actualment l'edifici és obert a visites guiades els dimecres i els dissabtes
0.07142857142857142,les fotografies són normalment vistes a una distància aproximadament igual a la seva diagonal,les fotografies són normalment vistes a una distància aproximadament igual a la seva digonal
0.0,la coca és un producte artesanal típic de totes les comarques,la coca és un producte artesanal típic de totes les comarques
0.0,la darrera entrega de la saga,la darrera entrega de la saga
0.0,no es coneix del cert quan els capítols van obtenir aquest títol,no es coneix del cert quan els capítols van obtenir aquest títol
0.0,està formada per tres batallons,està formada per tres batallons
0.07142857142857142,aquest personatge és una caricatura de tots aquests estereotips des d'un marc de comèdia,aquest personatge és una caricatura de tots aquests estereatips des d'un marc de comèdia
0.0,obertures verticals ressalten els seus emmarcats,obertures verticals ressalten els seus emmarcats
0.0,el transport funciona amb un bon sistema d'autobusos,el transport funciona amb un bon sistema d'autobusos
0.0,l'església ha estat transformada diverses vegades i els seus objectes de culte traslladats a moià,l'església ha estat transformada diverses vegades i els seus objectes de culte traslladats a moià
0.0,la morfologia de l'illa és petita i plana situada en un banc molt rocós,la morfologia de l'illa és petita i plana situada en un banc molt rocós
0.35714285714285715,un nét seu va ser carles isern anglada militant del partit carlí de catalunya,mèdser va ser carles isern-anglada militant del partit carlí de catalunya
0.0,ha jugat des de jove en les categories inferiors de l'atlètic de madrid,ha jugat des de jove en les categories inferiors de l'atlètic de madrid
0.08333333333333333,només en uns pocs casos una persona va triar el nom identificatiu,només en uns pocs casos una persona va triar el nom identificatiua
0.0,la deessa justícia simbolitza la llibertat abans que la llei,la deessa justícia simbolitza la llibertat abans que la llei
0.0,és a migdia de la zona central del terme d'estoer a la dreta del llec,és a migdia de la zona central del terme d'estoer a la dreta del llec
0.09090909090909091,adquirida pel marquès d'heredia a la seva mort es va dispersar,adquirida pel marquès d'haradia a la seva mort es va dispersar
0.16666666666666666,els nilòtics sudanesos serien el poble del món més alt de mitjana,els nilòtics sudanesos serien al poble del món més salt de mitjana
0.0,la taula següent conté exemples de com va canviar l'ucraïnès durant l'era soviètica,la taula següent conté exemples de com va canviar l'ucraïnès durant l'era soviètica
0.0,la construcció està bastida amb pedra de diverses mides desbastada i sense treballar disposada irregularment,la construcció està bastida amb pedra de diverses mides desbastada i sense treballar disposada irregularment
0.0,aquests corresponen en general als campions dels diversos tornejos internacionals,aquests corresponen en general als campions dels diversos tornejos internacionals
0.07692307692307693,el groc també simbolitza la immensitat de les dunes del desert del sàhara,el groc també simbolitza la immensitat de les dunes del desset del sàhara
0.0,es creu que la construcció mai no fou completada,es creu que la construcció mai no fou completada
0.0,el tron és de fusta amb riques traceries gòtiques a la part alta,el tron és de fusta amb riques traceries gòtiques a la part alta
0.08333333333333333,el nom deriva d'un presumpte fundador del monestir fortificat el cavaller arnold,el nom deriva d'un presumpte fundador del monestir fortificat el cavaller arnol
0.0,hi ha unes pedreres d'alabastre a la rodalia,hi ha unes pedreres d'alabastre a la rodalia
0.0,filipines i indonèsia també reivindicaven el territori,filipines i indonèsia també reivindicaven el territori
0.0,a la pedra de la finestra s'endevinen restes de l'arrebossat,a la pedra de la finestra s'endevinen restes de l'arrebossat
0.0,són unes de les poques palmeres amb fulles bipinnades,són unes de les poques palmeres amb fulles bipinnades
0.0,també les tapes són una part important de la cuina de macau,també les tapes són una part important de la cuina de macau
0.15384615384615385,el fort vent va fer caure nombrosos arbres dificultant la circulació per carretera,el fortden va fer caure nombrosos arbres dificultant la circulació per carretera
0.0,algunes ofereixen recursos addicionals,algunes ofereixen recursos addicionals
0.3,així quedà clar que el gran napoleó podia ser derrotat,així quedà clar del gran apoleó podia ser derrotat
0.0,va ser suprimit poc després però va ser restablert després d'un interludi de diversos anys,va ser suprimit poc després però va ser restablert després d'un interludi de diversos anys
0.36363636363636365,també s'atribuïa al greix humà un efecte analgèsic en l'artritis reumatoide,tamés s'atribuïa al greix humà un afecte analgèsic a l'artritis raomatoide
0.0,l'última edició de la seva publicació es va editar l'endemà de la seva mort,l'última edició de la seva publicació es va editar l'endemà de la seva mort
0.08333333333333333,en aquest mateix festival va obtenir la nominació a la millor pel·lícula,en aquest mateix festival va obtenir la denominació a la millor pel·lícula
0.16666666666666666,són obres gràfiques originals els gravats les litografies i les serigrafies artístiques,són obres gràfiques originals els gravats les ritografies i les cirigrafies artístiques
0.0,el cap comarcal és sòria,el cap comarcal és sòria
0.0,és un edifici de tres plantes i quatre façanes,és un edifici de tres plantes i quatre façanes
0.07142857142857142,cal destacar la combinació de torrents i llacs amb les pinzellades de flora alpina,cal destacar la combinació de torrents i llacs amb les pinzellades de flora alpi
0.16666666666666666,és la terminal del ferrocarril transsiberià,és la terminal del ferrocarril transsiterià
0.0,alguns exemplars poden tenir altres aspectes on pot predominar més o menys el color negre,alguns exemplars poden tenir altres aspectes on pot predominar més o menys el color negre
0.2857142857142857,antonio barba va ser el mestre d'obra,antonio barba va ser mestra d'obra
0.0,la seua dentadura pot ocasionar greus mossegades als humans,la seua dentadura pot ocasionar greus mossegades als humans
0.0,els pocs que s'han pogut estudiar són compostos sòlids incolors i poc solubles en aigua,els pocs que s'han pogut estudiar són compostos sòlids incolors i poc solubles en aigua
0.08333333333333333,artistes importats des d'itàlia o formats allà fan el paper d'autèntics transmissors,artistes importats des d'itàlia o formats allà an el paper d'autèntics transmissors
0.07142857142857142,sembla que el finestral i l'estructura és l'únic que s'ha conservat de l'edifici original,sembla que el finestral i d'estructura és l'únic que s'ha conservat de l'edifici original
0.0,a més dels seus estudis musicals també va obtenir la carrera de dret,a més dels seus estudis musicals també va obtenir la carrera de dret
0.0,més tard esdevingué un substantiu referit a un lloc on es posen coses,més tard esdevingué un substantiu referit a un lloc on es posen coses
0.0,estan situades a cada costat de la porta que dóna al carrer mulleres,estan situades a cada costat de la porta que dóna al carrer mulleres
0.0,és una platja de sorra fina i daurada que mostra unes netes aigües,és una platja de sorra fina i daurada que mostra unes netes aigües
0.0,però l'expedició no va tenir continuïtat,però l'expedició no va tenir continuïtat
0.0,és una àrea protegida amb la vegetació molt ben preservada,és una àrea protegida amb la vegetació molt ben preservada
0.0,va fer els primers estudis al col·legi mercantil,va fer els primers estudis al col·legi mercantil
0.3333333333333333,davant l'actitud de l'ocell la consciència del carceller començà a sentir remordiments,davant l'actitud de l'ocell la consciència del casceller començà essentir remafinats
0.0,es troben a la superfície de la pell,es troben a la superfície de la pell
0.0,la jugabilitat és limitada però pot tenir una perspectiva en primera o tercera persona,la jugabilitat és limitada però pot tenir una perspectiva en primera o tercera persona
0.2,podria tractar-se d'un complex d'espècies,podria tractar-se d'un complex espècies
0.15384615384615385,noves faccions civilitzacions i unitats ara les tribus bàrbares emigren cap a europa,noves feccions sibilitzacions i unitats ara les tribus bàrbares emigren cap a europa
0.0,s'ha especulat que aquesta expedició mai no es va realitzar,s'ha especulat que aquesta expedició mai no es va realitzar
0.0,en l'obra ja s'aprecia el tret principal del seu teatre els conflictes interns del protagonista,en l'obra ja s'aprecia el tret principal del seu teatre els conflictes interns del protagonista
0.0,el coronament de la façana és corb,el coronament de la façana és corb
0.0,l'opinió més generalitzada és que la diferència era funcional,l'opinió més generalitzada és que la diferència era funcional
0.0,alguns immigrants van ser enviats a les illes d'andaman,alguns immigrants van ser enviats a les illes d'andaman
0.06666666666666667,la seva arribada a l'arc mediterrani se suposa per la importació de palmeres prèviament infestades,la seva arribada a l'art mediterrani se suposa per la importació de palmeres prèviament infestades
0.0,és la zona de les grans fàbriques d'acer que dominen la ciutat,és la zona de les grans fàbriques d'acer que dominen la ciutat
0.0,masia de planta quadrangular amb diversos cossos adossats,masia de planta quadrangular amb diversos cossos adossats
0.0,per contra la síndrome nefròtica es caracteritza per permetre el pas sols de proteïnes,per contra la síndrome nefròtica es caracteritza per permetre el pas sols de proteïnes
0.14285714285714285,en aquest hospital només roman cinc dies ja que enyora les seves terres d'aragó,en aquest hospital només roman cinc dies ja c anyora les seves terres d'aragó
0.0,el frontó ens marca els vessants de la teulada,el frontó ens marca els vessants de la teulada
0.0,va ser membre del comitè executiu del partit demòcrata popular,va ser membre del comitè executiu del partit demòcrata popular
0.0,té planta rectangular i es cobreix amb un sostre de fusta,té planta rectangular i es cobreix amb un sostre de fusta
0.0,originari de les pampes d'amèrica del sud,originari de les pampes d'amèrica del sud
0.16666666666666666,l'aljub de planta rectangular i coberta en volta té les parets impermeabilitzades,l'aljub de planta rectangular i coberta amb volta té les parets simprmeabilitzades
0.15384615384615385,deixeble i col·laboradora de sigmund freud fou la primera psicoanalista especialitzada en dones,deixeble i col·laboradora de simonfreid fou la primera psicoanalista especialitzada en dones
0.0,els arcs estan fets a base de lloses de pedra col·locades a manera de dovelles,els arcs estan fets a base de lloses de pedra col·locades a manera de dovelles
0.2,destaca que mitjançant les diverses referències culturals criticava la cultura popular dels estats units d'amèrica,destacà que mitjançant les diverses referències culturals criticava la cultura popular dels estats units a amèrica
0.42857142857142855,és a la vora oest del coll,és a la vora obert el cool
0.13333333333333333,també quatre avions militars de cerca van ser enviats per bé que l'operatiu podria perllongar-se,també quatre avions militars de cerca van ser aviats per bé que l'operatiu podia perllongar-se
0.2,altres regions on treballà foren irlanda anglaterra escòcia i itàlia,altres regions rontolla foren irlanda anglaterra escòcia i itàlia
0.0,té un clima dur i compta amb una estació meteorològica,té un clima dur i compta amb una estació meteorològica
0.4,parlava l'anglès francès i àrab,parlava en anglès francès i àrab
0.09090909090909091,posteriorment aquest vers transmès oralment podia haver estat malinterpretat o reinterpretat,posteriorment aquest vers transmes oralment podia haver estat malinterpretat o reinterpretat
0.07142857142857142,les fletxes representaven la lluita socialista contra la reacció el capitalisme i el feixisme,les fletxes representaven la lluita socerista contra la reacció el capitalisme i el feixisme
0.0,l'atac anava adreçat a la població més vulnerable,l'atac anava adreçat a la població més vulnerable
0.0,es troba en boscos riberencs inundats periòdicament de brasil veneçuela i bolívia,es troba en boscos riberencs inundats periòdicament de brasil veneçuela i bolívia
0.21428571428571427,el seu alè de foc surt de l'etna i provoca sismes quan es mou,el seu hade de foc surt de l'emne i provoca sisnos quan es mou
0.0,sobre els murs s'estén el voladís construït amb pedres més planes,sobre els murs s'estén el voladís construït amb pedres més planes
0.0,poc després de néixer la família es va traslladar a l'alta baviera,poc després de néixer la família es va traslladar a l'alta baviera
0.0,les seves llavors semblen les de les llentilles vermelles,les seves llavors semblen les de les llentilles vermelles
0.0,podrien haver estat adaptats per a capturar insectes colonials com els tèrmits,podrien haver estat adaptats per a capturar insectes colonials com els tèrmits
0.0,té un clima temperat i una alta pluviositat deguts a la proximitat de l'oceà,té un clima temperat i una alta pluviositat deguts a la proximitat de l'oceà
0.0,aquest artista ha visitat catalunya diverses vegades,aquest artista ha visitat catalunya diverses vegades
0.25,l'aparell de fax empra la línia telefònica per enviar o rebre informació,l'aparell de fax empra al línia telefònica per enviar o rereinformació
0.25,d'aquesta època daten gran nombre d'escoles promogudes per la mancomunitat i ajuntaments,d'aquesta èfoga datan gran nombre d'escoles promogudes per la moncomunitat i ajuntaments
0.0,posteriorment dirigiria les operacions militars durant el setge d'oviedo,posteriorment dirigiria les operacions militars durant el setge d'oviedo
0.08333333333333333,generalment era adjacent al fòrum o àgora era quadrangular quadrat o rectangular,generalment era adjacent al fòrum o àvora era quadrangular quadrat o rectangular
0.2,un bon nombre duia cuirassa,un bon nombre duia cuerassa
0.0,el crani és relativament pla i allargat,el crani és relativament pla i allargat
0.0,molts ciutadans israelians van buscar una alternativa als laboristes,molts ciutadans israelians van buscar una alternativa als laboristes
0.08333333333333333,la llargada d'aquest animal era d'aproximadament un metre sense comptar-ne la cua,la llargada d'aquest animal era d'aproximadament un metre sense conter-ne la cua
0.0,joan josep carbó,joan josep carbó
0.0,llavors fou ministre de treballs públics i va anar a negociar un préstec a europa,llavors fou ministre de treballs públics i va anar a negociar un préstec a europa
0.0,a un any del seu mandat va ser nomenat corregidor,a un any del seu mandat va ser nomenat corregidor
0.0,és el primer fabricant australià exitós de guitarres no tradicionals,és el primer fabricant australià exitós de guitarres no tradicionals
0.26666666666666666,això pot afavorir la sinusitis que provoquen mal de cap malestar i de vegades irritabilitat,això pot afavorir las inocitis que provoquen mal de cap malestar i de vegades i ritabilitat
0.0,la seva mare va morir de part,la seva mare va morir de part
0.0,a part del seu treball com a arqueòloga va estar compromesa amb les reformes socials,a part del seu treball com a arqueòloga va estar compromesa amb les reformes socials
0.0,això donarà els seus fruits amb el nou mil·lenni,això donarà els seus fruits amb el nou mil·lenni
0.2222222222222222,d'altra banda va condemnar per herètics els germans apostòlics,d'altra banda va condemnar per edètics als germans apostòlics
0.0,la balança comercial és negativa,la balança comercial és negativa
0.0,les temperatures són baixes en hivern són freqüents les gelades nocturnes i les neus,les temperatures són baixes en hivern són freqüents les gelades nocturnes i les neus
0.0,la seua ubicació i distribució però no es descriuen clarament,la seua ubicació i distribució però no es descriuen clarament
0.0,amb la demostració de la seva eficàcia van anar canviant d'opinió,amb la demostració de la seva eficàcia van anar canviant d'opinió
0.0,és originari de la xina,és originari de la xina
0.0,alguns videojocs d'aventura ofereixen diverses ramificacions d'escenari,alguns videojocs d'aventura ofereixen diverses ramificacions d'escenari
0.14285714285714285,nord-amèrica és una regió important per airbus en termes de vendes d'avions i peces,nord-amèrica és una regió important per aerbus en termes de vendes avions i peces
0.16666666666666666,aquell any també va ser subcampió de copa davant el reial madrid,aquell any també va ser subcampió de copa davant del real madrid
0.0,també és multiplataforma,també és multiplataforma
0.15384615384615385,per tant el conflicte s'esdevenia quan els senyors se sentien afectats pels costums,per tant el conflicte s'esdevenia quan el senyor se sentien afectats pels costums
0.0,també aconseguí tres rècords nacionals de l'especialitat,també aconseguí tres rècords nacionals de l'especialitat
0.0,se l'utilitza com a planta ornamental a diverses parts del món,se l'utilitza com a planta ornamental a diverses parts del món
0.13333333333333333,els finestrals es troben coberts també el mateix tipus de llinda que les obertures inferiors,els finestrals es troben coberts també al mateix tipus de llindar que les obertures inferiors
0.0,evidència de manufactura d'armes de pólvora de gran escala explosiva començaren a aparèixer,evidència de manufactura d'armes de pólvora de gran escala explosiva començaren a aparèixer
0.0,també va escriure panegírics i oracions fúnebres,també va escriure panegírics i oracions fúnebres
0.0,de jove va estudiar literatura i jurisprudència i va practicar esports i alguna activitat militar,de jove va estudiar literatura i jurisprudència i va practicar esports i alguna activitat militar
0.2222222222222222,ora va començar a cantar des de molt jove,hora va començar cantar des de molt jove
0.2,s'han trobat gastròlits associats a fòssils d'ictiosaures i de dinosaure,s'han trobat gastròlits assoceats a fòssils dictiosaures i de dinosaure
0.45454545454545453,la intensitat de la reacció indica la gravetat de la inflamació,la intensitat de la traacció cminuca la gralitat de lainclamació
0.13333333333333333,quan la porta de la ciutat era tancada cap persona o animal hi podia entrar,quan la porta de la ciutat era tancada cap per zona o animal hi podia entrar
0.0,tenen hemolimfa tots els artròpodes la majoria dels mol·luscs amb un sistema circulatori obert,tenen hemolimfa tots els artròpodes la majoria dels mol·luscs amb un sistema circulatori obert
0.16666666666666666,l'altra branca són les llengües úgriques,l'altra branca són les llengües úbriques
0.0,entre la superació de la part teòrica i la realització de la pràctica no podran transcórrer més de dotze mesos,entre la superació de la part teòrica i la realització de la pràctica no podran transcórrer més de dotze mesos
0.0,tot un conjunt de finestres i portes gòtiques s'obren cap a l'exterior,tot un conjunt de finestres i portes gòtiques s'obren cap a l'exterior
0.0,va renunciar a participar en el torneig de dubai per una petita lesió al turmell,va renunciar a participar en el torneig de dubai per una petita lesió al turmell
0.06666666666666667,celler format per una sola nau amb un annex lateral adossat paral·lelament en un costat,ceier format per una sola nau amb un annex lateral adossat paral·lelament en un costat
0.07692307692307693,quan va deixar la carrera cinematogràfica passà a treballar de dentista a washington,quan va deixar la carrera cinematogràfica passà a treballar de dantista a washington
0.0,en aquesta ocasió l'església va ser salvada de les flames,en aquesta ocasió l'església va ser salvada de les flames
0.14285714285714285,també en dissenyà i dibuixà el logotip,també el dissenyà i dibuixà el logotip
0.3333333333333333,la mescla d'aquests dos components s'anomena gas de síntesi,la més clar d'aquests dos components s'anomena cas de síntesi
0.21428571428571427,l'implant es retira amb anestèsia local fent una petita incisió per extreure'n la vareta,l'implant es retira amb anestèsia local fent una petita encisió per extreure en la vareta
0.07692307692307693,va donar el seu nom a la ciutat de queronea a la beòcia,va donar el seu nom a la ciutat de queronea a beòcia
0.08333333333333333,els dos barbs són un senyal parlant relatiu al nom del poble,els dos barbs són en senyal parlant relatiu al nom del poble
0.06666666666666667,els genovesos van resistir amb resolució davant de l'esperança que arribessin reforços des de casa,els genovesos van resistir amb resolució davant l'esperança que arribessin reforços des de casa
0.0,la font de forma octogonal destaca com un piló al conjunt de la plaça,la font de forma octogonal destaca com un piló al conjunt de la plaça
0.07142857142857142,també a causa de la gravetat les cames són un punt d'estancament de limfa,també a causa de la gravetat les cames són un punt d'estancament de l'imfa
0.15384615384615385,la sortida de so és a través d'un brunzidor a la màquina mateixa,la sortida de so és a través d'un bronzi do a la màquina mateixa
0.06666666666666667,el tipus s'escampa per la meseta el litoral cantàbric la bretanya i el sud d'anglaterra,el tipus s'escampa per la messeta el litoral cantàbric la bretanya i el sud d'anglaterra
0.0,els seus orígens són medievals,els seus orígens són medievals
0.0,tota tradició és inventada,tota tradició és inventada
0.1,és un cactus solitari de forma globular de color verd,és un cactur solitari de forma globular de color verd
0.0,desaigua al daró poc abans d'arribar a la ciutat de la bisbal,desaigua al daró poc abans d'arribar a la ciutat de la bisbal
0.2222222222222222,fou mestre a les universitats d'edimburg glasgow i aberdeen,fou mestre a les universitats d'edimburg glasgo i aberdín
0.0,l'antonomàsia és una forma particular de la metonímia,l'antonomàsia és una forma particular de la metonímia
0.0,actualment hi ha quatre campanes de diferents mides,actualment hi ha quatre campanes de diferents mides
0.0,les seves canyes s'usen per a fer tanques en la construcció i en cistelleria,les seves canyes s'usen per a fer tanques en la construcció i en cistelleria
0.0,el pare de mirra es va suïcidar a causa de la vergonya de l'incest,el pare de mirra es va suïcidar a causa de la vergonya de l'incest
0.0,també es conserva part del fons del seu pare josep sant pere,també es conserva part del fons del seu pare josep sant pere
0.0,aquestes peces van ser elaborades per escultors,aquestes peces van ser elaborades per escultors
0.0,les crítiques d'aquesta mena esdevingueren una constant al llarg de la seua trajectòria,les crítiques d'aquesta mena esdevingueren una constant al llarg de la seua trajectòria
0.0,actualment està prevista l'ampliació de la xarxa de metro amb cinc noves estacions,actualment està prevista l'ampliació de la xarxa de metro amb cinc noves estacions
0.0,aquestes torres estan molt decorades amb escultures i colors,aquestes torres estan molt decorades amb escultures i colors
0.0,els seus escrits sobre literatura eren inseparables d'aquests judicis morals,els seus escrits sobre literatura eren inseparables d'aquests judicis morals
0.0,li va ser retornat després de l'espectacle,li va ser retornat després de l'espectacle
0.2,això pot causar malalties mentals resistents al tractament en l'adultesa,això pot causar malalties mentals resistents al tractament en la dultesa
0.14285714285714285,emet els seus propis segells de correus,emet els seus propis egents de correus
0.0,en tenir una part de cos físic és freqüent l'activisme o almenys experimentació feminista,en tenir una part de cos físic és freqüent l'activisme o almenys experimentació feminista
0.0,al llarg del camí hi ha una representació de tots els boscos pirinencs,al llarg del camí hi ha una representació de tots els boscos pirinencs
0.16666666666666666,el guanyador de la palma d'or al millor curtmetratge ha estat il·luminat,el guanyador de la palmad'or al millor curtmetratge ha estat il·luminat
0.0,sentint una multitud apropar-se s'amaguen,sentint una multitud apropar-se s'amaguen
0.3333333333333333,l'arquitecte va ser august font i l'escultor eduard alentorn,l'arquitecte va ser eugust font i l'escultor eduard a l'entorn
0.0,al primer pis totes les obertures són balcons,al primer pis totes les obertures són balcons
0.0,és més corrent sobre sòls silícics i des de la terra baixa a l'alta muntanya,és més corrent sobre sòls silícics i des de la terra baixa a l'alta muntanya
0.0,la portalada és de mig punt sense cap mena d'ornamentació,la portalada és de mig punt sense cap mena d'ornamentació
0.0,aquest és el gran tema,aquest és el gran tema
0.0,serà la seva única participació en aquest campionat durant aquesta temporada,serà la seva única participació en aquest campionat durant aquesta temporada
0.0,està situada al centre de la vila de torà,està situada al centre de la vila de torà
0.2,d'aquesta forma la planta mor,d'aquesta forma la planta mora
0.0,per això s'etiqueta aquesta obra com a neoclàssica,per això s'etiqueta aquesta obra com a neoclàssica
0.0,el seu estat de conservació és força dolent i es troba bastant enderrocat,el seu estat de conservació és força dolent i es troba bastant enderrocat
0.0,la seva voluntat d'investigació va superar les dificultats econòmiques afrontades per l'institut,la seva voluntat d'investigació va superar les dificultats econòmiques afrontades per l'institut
0.0,hi ha les restes d'una altra porta emmarcada amb pedra,hi ha les restes d'una altra porta emmarcada amb pedra
0.0,és també el monument islàmic més antic de delhi,és també el monument islàmic més antic de delhi
0.0,d'aquesta manera s'acordà que cada any nicolau viuria en una casa diferent,d'aquesta manera s'acordà que cada any nicolau viuria en una casa diferent
0.0,exerceix de professora a l'institut gaudí de reus,exerceix de professora a l'institut gaudí de reus
0.0,ramon d'anglesola va morir mentre era en camí de la seva nova seu,ramon d'anglesola va morir mentre era en camí de la seva nova seu
0.09090909090909091,el subsegüent conflicte de la guerra de corea consolidà aquesta divisió,el sobsegüent conflicte de la guerra de corea consolidà aquesta divisió
0.1111111111111111,els anys vuitanta va estudiar la carrera de psicologia,als anys vuitanta va estudiar la carrera de psicologia
0.06666666666666667,una fórmula pot ser qualificada de tautologia mitjançant l'elaboració de la seva taula de veritat,una fórmula pot ser qualificada de teutologia mitjançant l'elaboració de la seva taula de veritat
0.0,algunes poblacions estan afectades per la fragmentació dels boscos on viuen,algunes poblacions estan afectades per la fragmentació dels boscos on viuen
0.0,quan retornà als estats units després del seu captiveri necessitava ajuda per a caminar bé,quan retornà als estats units després del seu captiveri necessitava ajuda per a caminar bé
0.0,és una coproducció espanyola francesa i nord-americana,és una coproducció espanyola francesa i nord-americana
0.0,ha col·laborat en diversos mitjans de comunicació com ara el punt i el temps,ha col·laborat en diversos mitjans de comunicació com ara el punt i el temps
0.0,a la base un llibre obert representa la importància de l'educació,a la base un llibre obert representa la importància de l'educació
0.0,l'execució del pla es va retardar i fou descobert,l'execució del pla es va retardar i fou descobert
0.0,s'han descrit una quarantena d'espècies,s'han descrit una quarantena d'espècies
0.0,això va esdevenir l'espurna per la guerra que venia,això va esdevenir l'espurna per la guerra que venia
0.2222222222222222,utilitza el camuflatge per confondre's amb el seu entorn,utilitza el canuflatge per confondre's en el seu entorn
0.0,precisament rússia llavors estava travessant una època propícia per a despietats ambiciosos i pretendents,precisament rússia llavors estava travessant una època propícia per a despietats ambiciosos i pretendents
0.0,allà feia llargues passejades entre la natura que la inspiraven per escriure,allà feia llargues passejades entre la natura que la inspiraven per escriure
0.0,també emet directives i dóna seguiment a les avaluacions de l'execució d'ajut,també emet directives i dóna seguiment a les avaluacions de l'execució d'ajut
0.06666666666666667,el govern i la societat de vanuatu se sol dividir lingüísticament entre anglès i francès,el govern i la societat de vanuatu se sol dividir lingüísticament de anglès i francès
0.1111111111111111,al calendari general romà la celebració és una solemnitat,el calendari general romà la celebració és una solemnitat
0.0,va continuar el seu treball en física a la universitat de colúmbia,va continuar el seu treball en física a la universitat de colúmbia
0.0,es va casar amb riquilda de sant martí filla del vicari galí de sant martí,es va casar amb riquilda de sant martí filla del vicari galí de sant martí
0.0,els editors comercials són els principals opositors a l'accés lliure,els editors comercials són els principals opositors a l'accés lliure
0.0,es troba a les costes de santa helena,es troba a les costes de santa helena
0.06666666666666667,es tracta d'una creu situada damunt una plataforma de planta quadrada formada per dos graons,es tracta d'una creu situada damunt duna plataforma de planta quadrada formada per dos graons
0.14285714285714285,es poden acoblar a les clàssiques xeringues o a pistoles amb dispositiu de buit,es poden acoblar a les clàssiques xeringues o epistoles amb dispositiu de buit
0.0,l'artista va fer moltes obres sense títol durant la seva trajectòria,l'artista va fer moltes obres sense títol durant la seva trajectòria
0.08333333333333333,sembla que al principi eren bastant flexibles i s'adaptaven a la situació,sembla que al principi eren bastant faxibles i s'adaptaven a la situació
0.42857142857142855,des del seu naixement la rasa del casó passa successivament pels següents termes municipals,des del seu naixement la rata del casó passa sucessivament pel següent terme municipal
0.0,en principi es creu que és de baixa toxicitat,en principi es creu que és de baixa toxicitat
0.0,al costat del parc es troba el nucli residencial,al costat del parc es troba el nucli residencial
0.0,durant la primera guerra mundial frança volia recuperar els territoris cedits i ho va aconseguir,durant la primera guerra mundial frança volia recuperar els territoris cedits i ho va aconseguir
0.125,les flors són de color blanc o rosa,les flors són de color blanc o rossa
0.0,l'algoritme corresponent a aquest exemple és el següent,l'algoritme corresponent a aquest exemple és el següent
0.0,es dispersa pel pacífic sud cap al nord fins a les illes marshall,es dispersa pel pacífic sud cap al nord fins a les illes marshall
0.0,és un pont d'un sol arc de pedra i maons pla,és un pont d'un sol arc de pedra i maons pla
0.07692307692307693,el morter de calç que uneix les pedres es desfà amb poca dificultat,el morter de calç que uneix les pedres es desfa amb poca dificultat
0.0,és el segon club amb més lligues al país,és el segon club amb més lligues al país
0.0,es fa servir habitualment en avions amb control per senyals elèctrics,es fa servir habitualment en avions amb control per senyals elèctrics
0.09090909090909091,anteriorment han existit societats arcaiques que només van tenir normes primàries,anteriorment han existit societats arcaiques que només van tenir nom normes primàries
0.0,a l'esquerra arrenca un marge també tapat per la vegetació,a l'esquerra arrenca un marge també tapat per la vegetació
0.0,tot i això se'ls estima molt,tot i això se'ls estima molt
0.1111111111111111,la sèrie no convergeix la identitat es manté formalment,la sèrie no convergeix la dentitat es manté formalment
0.1111111111111111,la fiabilitat del tanc soviètic va ser bastament superior,la fiabilitat del tan soviètic va ser bastament superior
0.1,els compostos alicíclics poden tenir o no cadenes alifàtiques enganxades,els compostos alicíclics poden tenir o no cadenes alifàtiques encanxades
0.0,ella ja no el va veure mai més,ella ja no el va veure mai més
0.0,es disputa cada dos anys els anys imparells excepte la seva primera edició,es disputa cada dos anys els anys imparells excepte la seva primera edició
0.08333333333333333,l'anàlisi de la corba de llum d'amplitud suggereix que és un esferoide,l'anàlisi de la corba de llum d'amplitud suggereix que és un esferoid
0.0,amb l'equip andalús hi formaria algunes campanyes més,amb l'equip andalús hi formaria algunes campanyes més
0.0,la dona i la sardina com més menuda més fina,la dona i la sardina com més menuda més fina
0.4,aquest safir exhibeix una coloració poc comuna respecte dels safirs provinents d'altres parts del món,aquesta fill exhibeix una coloració poc comuna respecte dels afirs provinants delt aparts del món
0.0,inicialment actuà com a òrgan oficiós del bloc obrer i camperol,inicialment actuà com a òrgan oficiós del bloc obrer i camperol
0.0,a l'absis s'hi mostra la llegenda de sant nicolau,a l'absis s'hi mostra la llegenda de sant nicolau
0.25,hi ha una antiga lliça ara en desús,hi ha una antiga llisa ara en jesús
0.0,la costa occidental és rugosa amb moltes illes penínsules caps i golfs,la costa occidental és rugosa amb moltes illes penínsules caps i golfs
0.0,quan es fusionen diverses vèrtebres sacres en una sola estructura es diu sacre,quan es fusionen diverses vèrtebres sacres en una sola estructura es diu sacre
0.25,l'aspirina és un derivat sintètic de l'àcid acetilsalicílic,l'aspirina és un derivat sintètic de l'àcid acetil selicílic
0.15384615384615385,té la particularitat de ser l'únic temple de l'illa orientat cap a l'oest,té la particularitat de salt únic temple de l'illa orientat cap a l'oest
0.08333333333333333,poc motivat per l'escola és en conflicte permanent amb el seu pare,poc motivat per l'escola és en conflicte permanent amb el seu pa
0.0,té una alçada de dues plantes i està exempt pràcticament de tota ornamentació,té una alçada de dues plantes i està exempt pràcticament de tota ornamentació
0.0,diversos altres objectes petits s'han trobat en òrbites similars,diversos altres objectes petits s'han trobat en òrbites similars
0.07692307692307693,hi ha un ampli marge de productes químics i naturals usats com antimicrobians,hi ha un ampli marge de productes químics i naturals usats com antimecrobians
0.07142857142857142,els francesos ocuparen la vall d'aran però no pogueren seguir avançant en territori català,els francesos ocuparen en la vall d'aran però no pogueren seguir avançant en territori català
0.0,es troba al pakistan i a l'índia,es troba al pakistan i a l'índia
0.0,va exercir com a rector del col·legi pontifici dels estudiants d'amèrica del nord a roma,va exercir com a rector del col·legi pontifici dels estudiants d'amèrica del nord a roma
0.0,paul respectivament,paul respectivament
0.06666666666666667,la seva altament influent recerca se centrà sobre els enfocaments socials i econòmics de l'imperi,la seva altament influent recerca se centrà sobre els embocaments socials i econòmics de l'imperi
0.0,llicenciat en dret va optar per la carrera militar,llicenciat en dret va optar per la carrera militar
0.25,és tradicional d'estirar la pasta al genoll cobert per un drap cotonós,és tradicional d'estinar la pasta al genoll cobert per un trap potonós
0.0,aquest últim alfabet és l'alfabet vigent,aquest últim alfabet és l'alfabet vigent
0.0,l'edifici conté a més del pis noble unes amples golfes,l'edifici conté a més del pis noble unes amples golfes
0.08333333333333333,a més aquests documents es guarden maximitzant la capacitat d'emmagatzematge de l'equipament,a més aquests documents es guarden maximitzant la capacitat d'emmagatzemat-se de l'equipament
0.0,es tracta d'una espècie introduïda també a amèrica del nord,es tracta d'una espècie introduïda també a amèrica del nord
0.0,en l'actualitat només és utilitzat per a demostracions docents dels principis del pèndol,en l'actualitat només és utilitzat per a demostracions docents dels principis del pèndol
0.0,la zona es compon de grans deserts àrids principalment el sàhara,la zona es compon de grans deserts àrids principalment el sàhara
0.0,consta de planta baixa pis i terrat amb torre emmerletada,consta de planta baixa pis i terrat amb torre emmerletada
0.0,la teulada és amb ràfec amb permòdols,la teulada és amb ràfec amb permòdols
0.0,és el cim més alt de la serra de mont-roig,és el cim més alt de la serra de mont-roig
0.0,el cofret contenia el fetge o la melsa de la reina momificat,el cofret contenia el fetge o la melsa de la reina momificat
0.0,tenia una alta xemeneia de totxo a la banda de la gran via,tenia una alta xemeneia de totxo a la banda de la gran via
0.07142857142857142,i per damunt un segon fris llis i una imposta d'on arranca la volta,i per damunt un segon fris llis i una imposta d'una arranca la volta
0.07692307692307693,els temples havien estat desmantellats i se n'havien trobat trossos enterrats a karnak,els temples havien estat desmantellats i se n'havien trobat trossos enterrats a karnac
0.0,així també el jubileu es va estendre a totes les diòcesis del món,així també el jubileu es va estendre a totes les diòcesis del món
0.0,també conserva una col·lecció de casulles procedents de l'antiga església de sant miquel,també conserva una col·lecció de casulles procedents de l'antiga església de sant miquel
0.0,l'edifici té quatre plantes,l'edifici té quatre plantes
0.16666666666666666,segons la classificació taxonòmica altres espècies extintes podrien pertànyer a aquest grup,segons la clasificació taxonòmica altres espècies extintes podrien perpànyer a aquest grup
0.0,les obertures a les façanes laterals són petites i formades per arcs de mig punt,les obertures a les façanes laterals són petites i formades per arcs de mig punt
0.0,també habita les balears,també habita les balears
0.0,al segon pis també hi ha tres obertures rectangulars més senzilles,al segon pis també hi ha tres obertures rectangulars més senzilles
0.375,van decidir acudir a l'arbitratge dels estats units,van decodir acudir a l'arbitratge del costatse units
0.0,la propietat universal de més avall és la raó d'aquesta tria,la propietat universal de més avall és la raó d'aquesta tria
0.0,allà distribuïa trossos de carn als animats espectadors,allà distribuïa trossos de carn als animats espectadors
0.0,tot el conjunt està tancat per un corral o barri on hi ha diverses construccions,tot el conjunt està tancat per un corral o barri on hi ha diverses construccions
0.0,l'interior està articulat per una escala de volta a la catalana i a l'exterior,l'interior està articulat per una escala de volta a la catalana i a l'exterior
0.0,pot arribar a provocar la mort,pot arribar a provocar la mort
0.0,no obstant això els fiscals van declinar presentar càrrecs per homicidi,no obstant això els fiscals van declinar presentar càrrecs per homicidi
0.4,es conserven només una part del crani i un braç,es conserven només una part del grani lunbraç
0.2,aquest nom el van 'trobar' buscant a l'atzar al diccionari,aquest nom el van trobar buscant a latsa al diccionari
0.14285714285714285,la barbotina pot emprar-se com a engalba però en general no a la inversa,la barbotina pot emprar-se com en galba però en general no a la inversa
0.0,no hi ha mal que duri cent anys,no hi ha mal que duri cent anys
0.375,aleix donà a isaac el títol de sebastocràtor,a l'eix donà a lisaq el títol de sebastocràtor
0.0,a la part superior s'observa una petita finestra que no presenta un interès artístic rellevant,a la part superior s'observa una petita finestra que no presenta un interès artístic rellevant
0.0,alhora també cobrien la ruta entre olesa i barcelona,alhora també cobrien la ruta entre olesa i barcelona
TOTAL,0.063662,0.017738,,